name,surname,dob,active,fullname
Bernardo,Kava,25/05/1990,TRUE,Bernardo Kava
Felicita,Murhundezi,20/02/1996,TRUE,Felicita Murhundezi
Haniel ,Kabakele,27/02/2015,TRUE,Haniel Kabakele
Irel ,Kabekele Kava,15/12/2017,TRUE,Irel Kabakele
Harviel ,Kabakele Kava,,FALSE,Harviel Kabakele
